True,Predicted
-17.2,-16.326727684109567
-5.15,-5.036765463288371
-5.86,-5.889963323894025
-5.02,-4.72112963621002
-5.1,-5.014008673220088
-6.51,-6.10305579790754
-3.74,-3.8110430959452577
-18.06,-16.609847802504067
-4.34,-4.3491188311895055
-4.95,-4.943099208066433
-8.16,-8.278189617218066
-6.04,-5.865543194320017
-6.81,-6.708666152852473
-4.97,-4.267721000224167
-2.89,-2.950048526517779
-3.48,-3.6905478065410673
-5.06,-4.884106913478168
-12.75,-12.021450108046537
-4.85,-5.0946852694136044
-2.85,-3.2506115684220043
-3.57,-3.812346336685999
-4.83,-4.629386663239414
-4.96,-5.056175242054627
-7.61,-6.575860258216278
-4.8,-4.6811737880194855
-6.82,-5.465051938928276
-10.91,-10.270644578063703
-4.13,-3.826633170017555
-5.0,-4.710087385987787
-5.26,-4.7178611590749355
-2.58,-3.1629253750934585
-4.08,-4.111400760127303
-3.3,-4.19507424483765
-0.8,-0.8382185981867489
-5.22,-5.511774311328891
-5.87,-5.278853358730023
-3.64,-3.9324017276315786
-3.67,-4.394922067931985
-5.06,-4.811320188828041
-7.01,-7.196209531000718
-4.11,-4.345365245786854
-5.01,-5.372047251571459
-2.71,-2.8938768042012892
-6.6,-6.158612032158839
-4.2,-4.26130730772153
-3.89,-3.9681252403931815
-7.62,-7.541055851162238
-5.88,-5.880624685463567
-4.64,-4.5418174939808145
-2.89,-3.5366221943372644
-4.19,-4.263606034667866
-5.62,-4.975409253378859
-6.15,-5.479131687848748
-4.88,-4.881613363021005
-8.54,-8.638373423010124
-1.36,-1.2730000279984008
-3.93,-4.417149879385026
-4.43,-4.351520504199275
-4.28,-4.334247142093059
-5.97,-6.542677473166824
-1.22,-1.5597026956786577
-7.17,-6.926491153536911
-7.34,-7.505692880723069
-8.77,-8.44173124076692
-7.68,-7.210232163641571
2.62,2.1828880688293744
-2.31,-2.709120330324056
-14.1,-12.20905928181838
-6.92,-8.295578616326033
-4.68,-4.925961194522853
-3.57,-3.5406677101586848
-4.39,-3.8212418006323707
-5.52,-5.3090898308601115
-4.95,-4.998333613827253
-5.99,-5.400842513982575
-5.87,-5.699320225969808
-3.33,-3.148298117908067
-6.26,-6.076671492252197
-3.89,-4.195016973942063
-2.89,-3.38296816312204
-4.55,-4.885786553839642
-3.99,-4.6583165790461365
0.01,-0.29354427545360406
-3.6,-3.2977358961438408
-6.1,-6.306172814555836
1.38,1.050347442983866
-8.2,-7.582232949802284
-5.01,-5.085442003810588
-3.83,-4.029159383449452
-4.67,-4.922541253615724
-6.33,-6.166512131460095
-5.49,-5.6311151414421605
-10.15,-8.52383304362697
-4.19,-4.3103528275654845
-7.8,-6.384050131392721
-7.92,-6.67526102778284
-5.22,-5.0961409592022076
-6.26,-6.047991898766575
-7.05,-7.094937251089494
-6.1,-5.9150167009208054
-8.9,-8.532279732147721
-5.22,-5.436761290089947
-8.22,-7.870035088292953
-5.52,-5.493921452722438
0.45,-0.19324400332831962
-4.17,-4.26130730772153
-6.8,-7.188588184560406
-3.55,-3.7841688790607755
-3.51,-3.250788835674978
-13.8,-12.241221583028315
-7.55,-6.74311046190093
-5.15,-4.879690269833127
-3.19,-3.2903916873101715
-4.46,-4.965006339768766
-3.45,-3.3888204781543183
-3.71,-3.7749583313623214
-15.51,-15.430692074130278
-1.92,-2.2251523150457206
-1.69,-1.7709295216684273
-3.64,-3.2285402356752693
-10.81,-11.270248378345805
-6.43,-6.7030789266801545
-3.4,-3.238721789101732
-5.76,-5.53764992359549
-9.71,-9.252560248065212
-12.54,-11.702094630999468
-4.82,-5.1265915948768725
-4.24,-4.007494428677088
0.04,-0.22562950895861483
-3.58,-3.728338771926011
-10.23,-8.05758165203471
-4.96,-5.301309783646044
-16.4,-14.451187065227028
-3.83,-4.087231540654176
-4.02,-4.051677313388712
-1.29,-1.4618070757032813
-5.8,-5.881635643048774
-6.98,-6.589531419934862
-5.65,-5.171943233600939
-5.06,-4.475428683622715
-7.19,-6.642376006613305
-5.25,-5.955430799689546
-4.09,-4.2877606949843905
-4.47,-4.759244735490733
-4.64,-4.477833899495778
-6.64,-6.562455192188175
-1.43,-1.9990676953605366
-7.1,-6.342321241304269
-2.95,-3.259324616650942
-5.22,-4.84151714283081
-4.22,-4.345365245786854
-4.2,-3.9244091157129883
-4.08,-4.131854375830092
-4.31,-4.0582937100505285
-4.12,-4.3259372218869565
-6.46,-6.096410156812045
-7.28,-7.284109834034462
-4.42,-4.403418821637161
-4.43,-4.597560691797749
-3.48,-3.056140234567322
-3.26,-3.4065542593486047
-5.31,-5.068054437528266
-4.04,-4.481059925395883
-4.72,-4.219574786556821
-7.36,-6.882266154054001
-3.6,-3.408783126626464
-4.24,-4.150160376692635
-4.28,-5.010478854277383
-3.23,-2.987186717658564
-0.41,-0.5047543604138545
-3.06,-3.254982579646376
-6.14,-5.648211932856583
-6.16,-5.954807811492939
-3.26,-3.2486433257474405
-8.43,-7.095323787454221
-4.05,-3.9223301281805347
-17.01,-17.11623349396435
-7.24,-6.351908755652695
-0.93,-1.138181603375185
-5.48,-5.571915701543489
-4.41,-4.304393391712732
-4.1,-4.297602417084521
-1.56,-1.525012256278008
-7.3,-7.198719975793512
-4.51,-4.660583924933714
0.52,0.11817692477050012
-5.37,-5.140385504071405
-1.49,-3.277740650237236
-4.02,-4.025106711402704
-3.14,-3.237192880387777
-5.1,-4.916531913132669
-5.43,-5.499799411635199
-6.95,-6.581417735727719
-4.59,-5.035151065708702
-4.0,-4.160193906693618
-4.83,-5.068515518478268
-9.16,-9.022328267331195
-15.46,-14.533765435077127
-3.66,-3.520301362747025
-5.4,-5.4484107027346385
-3.15,-2.9318138969868546
-4.49,-4.208940492821739
1.69,1.387801354326673
-3.53,-3.7444661469312592
-6.37,-5.989802859282787
-2.65,-2.8127731922004524
-4.07,-4.240817982021669
-5.2,-4.983997827403258
1.34,1.3157206777046477
-4.74,-4.603590489777817
-3.48,-3.527018577230326
-6.27,-6.031324390310272
-4.56,-4.627374241653196
-2.73,-2.8259650789999666
-5.6,-5.595450045302285
-5.47,-5.459201885741955
-5.52,-5.4443567629320775
-5.91,-6.452012803265333
-2.15,-2.4691410068666078
-5.62,-5.96749940994143
-4.83,-4.6811737880194855
-9.71,-10.303346140758617
-1.3,-1.2922281789898666
-1.68,-2.0343727052662954
-2.53,-2.318886722113726
-10.49,-10.81107334419848
-2.49,-2.125422833889624
-3.03,-3.122724565396579
-7.06,-7.065127872300193
-4.47,-4.254280314299489
-6.75,-6.711817691349314
-4.28,-4.092683198042709
-6.72,-6.547025653687287
-3.87,-3.9630687247609475
-6.28,-5.9902408371785345
-5.49,-5.803667932434631
-5.02,-4.876301819013266
-4.33,-4.304253442756943
-2.83,-3.0607281021698847
-3.13,-2.7826035142262713
-5.67,-5.638923420693031
-5.35,-5.103206485897735
-2.49,-2.964568416650966
-4.42,-4.601875576916755
-4.68,-4.84909233987099
-6.5,-6.101248305812669
-4.85,-4.427446576770894
-4.05,-4.407401299441023
1.07,-0.4132458731353096
-3.09,-2.8030629694452975
-3.78,-4.331733337737022
-5.87,-6.370030864751098
-3.42,-3.50038729758017
-9.9,-9.839126369266422
-4.65,-4.8226329906397
-0.84,-0.9904959186851167
-5.47,-4.99721592648946
-7.55,-7.483355760940482
-7.59,-7.15336613083171
-5.08,-4.95505601762204
-6.36,-6.236808341846905
-7.77,-6.648631386499939
-6.74,-6.773424195341569
-0.64,-0.5032858963905076
-4.45,-4.46971637020079
-6.38,-6.2092787376340235
-7.74,-6.829378090162631
-2.01,-1.9813394446899806
-4.72,-4.722274118194865
-5.98,-5.476429529095296
-15.03,-15.253530305913147
-3.29,-3.316508600936447
-6.27,-6.807685655975285
-4.6,-4.339207816824409
-5.45,-5.664957584123735
-1.32,-1.538139275272072
-6.0,-5.925763065129552
-0.46,-0.5615150398872046
-12.45,-12.131724023308195
-4.98,-4.870860295005448
-4.3,-4.2365975765974255
-5.49,-6.294251088383072
-3.27,-3.6185865967335755
-7.37,-7.019270774960857
-6.79,-6.721144651833878
-0.51,-0.6609353529925885
-3.12,-3.3930176417338234
-4.48,-4.713506220048535
-3.63,-3.7642037081897897
-5.61,-4.9407994023103745
-7.39,-6.820318323530433
-2.33,-2.8111123456548364
-5.04,-5.158426226573199
-5.25,-5.436862930295038
-3.07,-2.9248344792316034
-6.19,-6.114500324465772
-6.97,-7.646536516114114
-4.19,-4.32654934670939
-4.67,-4.896644565851369
-6.5,-6.0486715075483115
-2.81,-3.1081191140425366
-5.38,-4.928333279770098
-4.65,-5.007217478735437
-5.44,-5.24239035967274
-5.08,-4.935491274566942
-5.66,-5.903023813254084
-3.44,-3.7862214787588417
-5.29,-5.531782674008175
-4.69,-4.799873083019043
-5.71,-5.3547008204280235
-2.88,-2.910292007856012
-3.96,-3.909839267746286
-5.11,-5.245637678483768
-6.43,-6.228215813077828
-2.58,-3.8910463664570183
-5.13,-5.138507251380757
-5.45,-5.1479241191844824
-4.71,-4.8004492210470495
-11.39,-11.185353958653376
-4.31,-4.4662780368674575
-6.14,-6.220862120688573
-2.76,-2.976220795405318
-3.27,-3.680928095308545
-6.11,-5.765747835767358
-4.1,-4.303712816957956
-4.87,-5.12732962272588
-3.46,-3.415349892063797
-7.71,-7.914663700656349
-3.51,-4.1658477640690466
-3.35,-3.2913078598763192
-6.64,-6.2433502224488535
-7.38,-6.580206768355883
-6.01,-5.952074366253157
-4.84,-4.79392038160427
-5.74,-5.029466679928527
-3.77,-3.708705365612773
-4.34,-4.487049534018563
-4.04,-3.7842547668826683
-6.17,-5.67807781105399
-0.7,-0.2688663596200757
-4.23,-3.4479737036838065
-4.68,-4.209727728545655
-3.86,-4.813891708663786
-4.09,-3.579102088350307
-2.59,-3.0016669204442854
-5.27,-5.492896980284432
-3.95,-4.030782202165052
-5.31,-5.3273081973585175
-7.62,-7.200281786270338
-2.45,-4.567324886978274
-6.96,-6.727002260573692
-5.67,-5.31102153446785
-4.34,-4.469459719577844
-3.38,-3.031295498621729
-5.48,-5.981395566175519
-5.57,-5.501961763788696
-1.43,-1.6061248398271202
-7.6,-7.649899893928994
-10.0,-10.049093487311888
-6.51,-7.059306644144435
-6.02,-6.0004000200953795
-4.01,-3.909839267746286
-4.86,-4.926451936114408
-5.41,-5.80917114005213
-4.65,-4.353460846990371
-3.36,-3.458554470442856
-9.15,-9.151682920621962
-4.86,-4.906448785188045
-1.92,-1.9547827333515961
-3.03,-3.3132986551887864
-4.99,-4.8782942762209025
-11.06,-11.008466195070431
-5.68,-5.09245623107827
-2.93,-3.0457974310479203
-2.59,-2.8903593597954105
-3.42,-3.635957101251837
-0.7,-0.5677747134280973
-2.44,-3.045080175894452
-3.78,-4.028992716782785
-5.56,-4.840642220746224
-5.05,-4.64997269817628
-4.37,-4.8154346141154605
-11.31,-11.447043170027932
-5.02,-5.24263908116318
-6.11,-6.113048118561365
-4.06,-4.149141805117833
-7.34,-7.511612889787955
-4.16,-4.120746499253702
-5.66,-5.157627150384702
-1.39,-1.4706511117355112
-3.59,-3.7824504334468987
-2.85,-3.1237460754414728
-4.34,-4.367741859546154
-5.12,-4.9078511229169335
-7.93,-7.527834891701222
-11.06,-10.555994568205834
-11.11,-9.950731547066823
-7.28,-6.778983444823235
-0.67,-0.6474289281933239
-8.01,-8.280762658624855
-3.71,-3.644910086127389
-6.08,-6.2761084981734045
-1.6,-1.4970081872583225
-6.99,-6.582620878374065
-6.07,-5.539557752633944
-5.35,-4.023642881424037
-5.08,-4.845639905475581
-6.72,-6.705532991878904
-4.08,-4.405656880081456
-5.58,-5.360348593681681
1.2,1.1694011877768806
-4.23,-3.2742797791306226
-3.63,-4.207173688785778
-16.59,-15.747216296563932
0.56,0.5977955335207021
-5.12,-5.050020106100364
-5.77,-5.894614938945641
-7.44,-7.169981523940953
-7.4,-8.56129517886604
-7.03,-6.854809838637729
-6.94,-7.119719979219404
-15.83,-15.613894025816334
-2.6,-3.17264933722465
-4.35,-4.898718148790069
-1.49,-1.47113503156077
-4.5,-4.768441866221878
-6.18,-6.170051563617691
-5.93,-5.629959635414892
-2.77,-2.4410196121895886
-12.84,-12.271696102514824
-4.09,-4.205484242716372
-4.07,-4.283078360639906
-3.57,-3.6456696896921246
-3.42,-3.148298117908067
-3.59,-3.860981266307295
0.75,0.41733426471601154
-4.27,-4.192707888844746
-7.8,-7.199117998372403
-7.14,-7.2193688290814535
-5.5,-4.781932812160362
-3.57,-3.787368879060775
-5.4,-4.91634959986185
-5.56,-5.491236825231223
-8.69,-8.649297824337143
-6.35,-5.675789722629963
-2.86,-2.903637812144235
-3.07,-3.19916151835471
-5.81,-5.930361638528552
-4.59,-4.925422190682584
-5.86,-5.744115398823784
-5.83,-5.663115912145864
-8.79,-8.40475514685083
-9.13,-8.378856672186142
-2.93,-2.7821829680842427
-5.81,-6.157397450463815
-0.25,-0.6780442192396721
-2.59,-3.165688742491994
-7.5,-7.784067306462756
-9.41,-9.245307303489394
-11.18,-11.556900902227754
-5.66,-5.513619968003532
-4.68,-4.885786553839642
-9.51,-9.515652681718947
-6.49,-6.204722852900112
-4.55,-6.643788856549373
-5.42,-5.587974796335587
-5.71,-5.94659157633893
-4.52,-4.417378316330104
-2.3,-2.6535764392414674
-5.25,-5.441900000899125
-18.17,-17.55223235884052
-5.03,-5.001528880757947
-7.26,-6.970846722949407
-8.0,-7.524719539911953
-4.86,-4.9224814496752485
-3.93,-4.077550500409074
-3.98,-4.1222384315833205
-3.25,-3.706457054307085
-4.8,-4.317298545434373
-7.59,-7.289246645706691
-4.91,-4.798348024646463
-2.73,-2.9539383832043837
-0.08,-0.3162635182838224
-9.94,-9.771455934763402
-3.14,-3.869992177482078
-3.37,-3.720561170149974
-6.29,-6.239425832821414
-6.24,-6.387769189211818
-5.63,-5.180841594913985
-2.82,-3.4752843929578123
-6.71,-6.509349766168981
-3.87,-4.053147195223376
-4.55,-4.39133139701569
-5.24,-5.150185867291207
-4.93,-5.479207755999831
-4.21,-4.354257541998683
-4.4,-3.8532028736370996
-4.97,-5.15001515130483
-4.75,-4.651182592023415
0.07,-1.195901625224749
-4.1,-4.134822154901354
-4.15,-3.87695399086786
-1.99,-2.5989368192512154
-10.21,-9.727481986994666
-5.05,-4.837097813030044
-2.46,-2.7461679398406136
-5.98,-5.774910634068953
-0.75,-0.6403276719036305
-3.05,-2.91442790117604
-4.0,-3.911249362154419
-5.27,-5.438789559513714
-4.36,-4.621502922987961
-4.61,-4.959233887387247
-2.43,-2.228562390719398
-5.21,-5.05299839171727
-5.37,-5.548872234610185
-6.2,-6.6376609698972615
-5.49,-5.4024017810338165
-3.87,-3.760979736490129
-3.44,-3.6678929358012495
-5.66,-6.011019187947286
-4.8,-4.436959670060462
-5.62,-5.587974796335587
-4.39,-4.598753020948505
-3.82,-4.181105392941253
-4.27,-4.012936260263596
-5.91,-5.409111588568543
-6.32,-6.638102955835622
-6.03,-5.976309909984168
-5.62,-5.128522245583304
-8.16,-7.4754356118761445
-4.26,-4.345365245786854
-13.52,-13.425380615695975
-4.84,-5.447715100891713
-3.48,-3.439359819421629
-3.59,-3.75353917971258
-4.84,-4.835101603888128
-4.95,-4.967313989794693
-4.42,-4.894944565851368
-4.64,-4.16861694385149
-6.47,-6.408086983568986
-3.8,-3.303095012854844
-6.31,-5.168804254889773
-6.04,-6.310330207499805
-4.24,-4.314333714312526
-8.91,-8.983308415898318
-2.04,-2.2189622399785724
-0.53,-1.3362778481336444
-4.8,-4.927620160484427
-4.42,-4.356775160266402
-6.8,-6.552715620011423
-3.18,-3.0119006955297207
-3.6,-3.438153541083164
-6.16,-5.920370951556684
-3.82,-3.325176495482835
-1.77,-2.684341099692964
-4.97,-5.014028673220087
4.28,3.6310171365616766
-7.73,-7.233217899354593
-8.0,-8.670958206306523
-5.55,-4.9384428933120486
-1.29,-1.4313746189317094
-5.39,-5.09244103732392
-1.8,-2.4563941209394464
-3.08,-3.733106928831504
-6.27,-6.99305258831809
2.52,2.430034741494922
-1.54,-2.745954967116244
-3.26,-3.514278323812457
1.27,0.8428826602055759
-4.9,-4.729828921098315
-2.63,-2.7960793678185376
-4.66,-4.903187530855379
-4.21,-4.397395570948058
-2.73,-3.2929273485657133
-8.69,-8.534498832810113
-4.73,-4.4718563289216
-5.05,-4.8967015876122115
-5.71,-5.1643444373192455
-6.19,-6.02006191222959
-4.81,-4.960062258628567
-1.45,-1.4652560473793206
-5.52,-5.281415293428554
-15.71,-15.972782832824269
-11.01,-9.714296974815536
-3.77,-4.153331558952304
-3.59,-3.2788226186571445
-5.25,-5.4927558719442615
-9.73,-9.976521080578102
-5.52,-5.059912997522305
-4.8,-4.6134843971809065
-9.82,-8.738733804521225
-6.71,-6.218923969217111
-6.19,-6.096090487406373
-5.67,-6.029479272548372
-5.26,-4.4137013664684535
-3.7,-3.8157590703280313
-2.74,-2.9490337152972423
2.85,2.195148576563297
-6.35,-6.321253370535416
-5.05,-4.556102988508237
-8.23,-8.20304290022398
-3.47,-3.773495167271757
-3.61,-3.7251302605779664
-5.23,-4.975627582169148
-2.18,-2.2197479736138392
-6.88,-7.3994138918587264
-3.29,-3.844822881760598
-7.14,-7.351605421403511
-3.8,-3.9027324546306175
-3.64,-3.1302845001597275
1.96,1.6376687578582103
-5.11,-5.417010544679207
-7.57,-7.616335958929998
-5.51,-5.478260347108249
-6.39,-5.80230977135564
-6.4,-6.1599575331602345
-12.64,-11.438519767426916
-4.1,-4.17250855060856
-5.6,-5.53764992359549
-4.09,-4.5987706583348995
-4.49,-4.874200788572547
-2.03,-2.359860459615787
-1.86,-1.9890624386906455
-6.7,-6.649798263299955
-2.97,-3.470633686003143
-11.77,-11.640207493266683
-6.66,-6.684292955447257
-4.06,-3.695464283464878
-5.46,-5.185282049772291
-5.16,-4.824127793993497
-4.1,-4.397395570948058
-8.93,-9.225801718382836
-4.24,-4.281753780902798
-5.43,-5.697904173643862
-7.23,-6.935714261169133
-7.81,-7.680976368041347
-3.82,-2.835298742477055
-6.81,-6.525088392995674
-6.62,-6.721746832828199
-5.34,-5.238020567455457
-3.22,-3.0592076360359775
-0.39,-0.7603365455848126
1.58,1.8843765463648223
-5.0,-4.793293580875602
-1.79,-2.559515440375693
-5.59,-5.8871633238940255
-4.9,-5.052199750799506
-2.05,-2.1367648891193576
-5.1,-5.839087147417095
-5.39,-5.011638294315352
-3.58,-3.312412530808519
-2.75,-2.5957140546670567
-4.23,-4.581926413516868
-3.96,-4.205484242716372
-5.01,-5.19773597788114
-9.3,-8.816659507466138
-7.1,-7.096813597651294
-6.85,-6.962900109179065
-4.69,-4.959545921478672
-6.67,-6.2841655649939145
-4.39,-4.595596888568395
-4.86,-4.299814362954999
-5.62,-4.917408331074456
-3.3,-3.600075885078458
-4.21,-3.830206860514118
-4.23,-4.313019902742908
-4.83,-4.898144073871772
3.43,2.855513705452897
-3.62,-3.7905063790607754
-5.19,-5.383692247484421
-3.58,-3.9497670718610265
-4.03,-4.390601812577123
-8.55,-7.834714499402256
-4.73,-4.42551354865026
-3.69,-3.6786068708775366
-1.55,-1.709818616699324
-4.53,-4.439650799433931
-6.0,-5.391174163696722
-8.58,-8.664274924776176
-5.4,-5.18377328319062
-4.52,-4.84737042073887
-0.39,-0.5653102141277857
-1.98,-2.231844741486907
-6.06,-6.218983667856564
-3.18,-3.4997074732698206
-2.52,-4.190958020008562
-4.34,-4.391650939115377
-5.14,-5.0492433911267405
-4.5,-3.9944936974457472
-6.1,-6.958044309569302
-4.09,-4.334492306054537
-2.68,-3.722797208845602
-4.25,-4.689879164140356
-9.22,-8.824279380874572
-6.96,-7.217090253352671
-3.48,-3.735844402039806
-4.84,-4.128495161705893
-8.02,-7.730228211708065
-7.56,-7.168425534644918
-7.17,-7.227385563503379
-6.14,-6.117461795752987
-7.33,-7.111550940985358
-2.58,-2.241424716747512
-9.8,-9.945099523871148
-5.5,-5.544285481839486
-6.34,-4.81857982856918
-5.24,-4.682412157956925
-3.82,-3.732204570082098
-5.72,-5.513619968003532
1.79,1.7218535265624173
-4.6,-4.293710522769143
-4.29,-4.158639600453415
-6.69,-6.616346104851866
-5.5,-4.8124367420575815
-5.2,-5.406641531248818
-5.21,-4.972778739030516
-3.71,-3.844397083082342
-5.39,-4.519009260638219
-1.97,-2.066717487993175
-1.27,-1.909435763585969
-5.03,-4.515128260574757
-12.3,-11.587779827267488
-6.82,-6.9331515779407695
-6.41,-6.212455085848699
-1.91,-3.4780302388845614
-5.2,-5.440805831474478
-5.33,-5.534660205045391
-4.54,-4.379114226504851
-2.44,-2.4821139919961315
-4.58,-4.5101296890657165
-6.79,-6.759488150537219
-4.46,-4.293773836135566
-4.88,-4.9602955919619
-4.56,-4.423283473510264
-3.01,-3.1841308974478912
-5.2,-5.29943948381042
-4.14,-3.9201783380003827
-3.88,-4.139911428739064
-9.72,-8.821382832984037
-3.62,-3.7307056912306287
-12.18,-12.018663709851918
-7.14,-7.092983689904817
-6.76,-6.9331515779407695
-9.38,-8.621195293571514
-6.26,-5.7771560650685245
-5.62,-4.590574873181152
-8.07,-8.37901833122207
-5.65,-5.663115912145864
-4.97,-5.1833087845154
-11.63,-11.441900007914338
-4.44,-4.500129027974507
-4.49,-3.333191930612086
-3.44,-3.3947281330798127
-8.69,-7.510686457168281
-4.91,-4.9409029419811965
-10.48,-10.289827320060104
-2.98,-3.8394506286085166
-4.56,-3.8147379840434263
-3.28,-3.368393135513498
-8.49,-8.569224029874947
-8.29,-7.730038720428242
-15.46,-15.359506515448711
-8.85,-9.513986159579563
-5.7,-6.360008828325563
-6.7,-7.502962287985072
-6.47,-6.252051084712152
-5.52,-5.235214277127364
-9.76,-9.123337533596231
-5.03,-5.072424832469883
-5.39,-5.242585293787426
-4.24,-4.301952788934014
-4.42,-3.856134516125609
-7.83,-7.726880496804682
-3.04,-3.0595724927364842
-13.64,-12.616938567873051
-0.12,-0.6366269140831486
-2.76,-2.960286835549648
-3.17,-3.26604156417022
-6.07,-6.202600969003876
-5.48,-5.6610185592449485
-3.45,-3.2527266987258088
-4.23,-4.140676970133114
-2.63,-2.54144596160687
-9.58,-9.58543262374024
-4.43,-3.9694029488258584
-5.57,-5.544142418925805
-5.62,-5.847408441117977
-7.55,-6.9755232097197535
-7.16,-6.446938902068158
-4.03,-3.847892144087087
-4.54,-4.285789179034215
-5.84,-5.890217791064497
-12.55,-12.80629607465863
-4.73,-4.990674946853103
-5.45,-5.449495396060145
-6.13,-6.239864605700749
-3.68,-3.776433529934261
-7.6,-7.0030287255563675
-1.51,-1.520811934591046
-8.58,-8.56575273063922
-3.71,-3.758629736490129
-5.09,-5.393334473218742
-4.48,-4.395374931556713
-4.02,-4.084062830594273
-4.1,-4.894919738250686
-2.65,-2.2944706560209296
-6.47,-6.216828762852073
-4.61,-4.880044677701633
-6.09,-6.22165378735524
-2.49,-2.6802938809309165
-4.99,-4.887667856862094
-8.72,-8.819895577177165
-5.76,-6.44394626968414
-5.19,-5.2590277379915005
-3.97,-4.2459566928308465
-0.63,-0.6773425704514137
-1.14,-1.2788563159991448
-3.4,-3.6865224622322286
-4.38,-4.590162941556422
-2.67,-2.8997248297637026
-6.75,-6.421349314533851
-4.89,-5.011235339886754
-4.34,-4.799015276629532
3.94,3.209303365515379
-0.31,-0.43026806885165636
-6.12,-5.961022639952045
-6.41,-6.181523877484577
-2.59,-2.7856512440149404
-6.39,-6.210319387696597
-3.62,-3.621557760532294
-5.63,-5.638923420693031
-2.76,-2.7101487565636204
-5.5,-5.1426014254228205
-2.73,-2.8465971493747624
-8.06,-7.506222942514201
-8.9,-9.391691146727121
-7.22,-7.028958664564156
-4.93,-5.0214091286288856
-3.14,-3.500291503041149
-5.45,-5.2650479452946435
-17.74,-17.293421990970714
-7.48,-7.06688866686828
-7.5,-7.034353404015502
-4.41,-4.143896527956948
-7.24,-6.4347236590377985
-5.68,-5.9183284744910125
-4.09,-4.397395570948058
-2.1,-2.2855271145654315
-5.0,-5.195723085175338
-13.07,-13.016841348056628
-9.28,-8.937504914504439
-5.87,-5.937760270794245
2.08,1.7868534376796492
-5.67,-5.234553635891981
-9.92,-9.489297298387745
-3.56,-3.7843542265115024
-4.84,-4.722274118194865
-5.32,-5.107362822494096
-11.27,-9.980001320004273
-12.36,-11.913083652297374
-2.62,-2.9330542366864476
-2.82,-3.1931357729623344
-5.48,-5.1852206637411316
-4.14,-4.240817982021669
-6.75,-6.521309943325826
-7.54,-7.333149609221538
-10.9,-9.846467336660654
-5.33,-5.662012189358446
-4.57,-4.257038505167737
-5.24,-5.393834473218742
-5.23,-4.834353090370066
0.51,-0.3076234232397736
-3.98,-4.249311980830868
-3.06,-3.0834739775999647
-1.92,-2.924335325191361
-3.73,-3.810669367421105
-4.32,-4.21861864766717
-3.57,-4.203651752239205
-5.06,-5.195488100845084
-5.44,-5.185282049772291
-3.21,-3.2894347829532418
-7.59,-7.61747520730159
-3.59,-4.621787095667058
-11.1,-10.799106448613799
-4.47,-5.03346441938829
-5.86,-5.725163821173586
-7.68,-7.814689946593539
-14.1,-13.82376399476458
-3.55,-3.8120763413959673
-2.53,-2.3286834456169703
-12.37,-13.394430326065724
-7.83,-7.307256975091281
-6.94,-6.917387426843504
-7.33,-7.050920130811355
-6.02,-5.981026864664042
-4.92,-4.525498355660358
-5.12,-5.305319947166263
-6.02,-5.663854666472992
-5.21,-5.012397563664891
-4.41,-4.704905255310908
-5.38,-5.442771209080015
-4.41,-4.458621258708798
-6.17,-6.090908008295171
-4.02,-3.9312375954069374
-7.21,-6.9514112055608255
-6.25,-5.689848805254014
-3.92,-3.872650791711685
-4.93,-4.578688164614371
-4.5,-4.795186430323821
-3.9,-4.209632288310148
-2.98,-3.1830809151547608
-5.82,-6.024294361468578
-5.33,-5.643790628421373
-4.43,-4.3491188311895055
-6.16,-6.839763991986986
-3.81,-3.885812651524015
-6.27,-5.610207898707065
-5.99,-5.9284414594133255
-6.6,-6.663225884225307
-2.09,-2.2173524180582835
-6.61,-6.70762117063911
-5.28,-5.268656263194627
-4.34,-4.045330954059666
-5.12,-5.456944375086633
-7.0,-7.38544536872784
-7.01,-6.542749121939973
-5.38,-5.658157470796857
-6.25,-5.945463523483184
-7.3,-7.529839790920229
-4.88,-4.419913241062066
-6.2,-6.442463050912714
-3.26,-3.065289228808568
-4.23,-4.228044386571776
-5.86,-6.105938619479019
-4.08,-3.8515193991748404
-17.88,-17.513535529806738
-5.62,-5.864576098812115
-2.29,-2.3984515678406537
-6.36,-5.918585577311707
-8.61,-8.550421564102376
-6.11,-6.238825832821414
1.66,0.7860073427279697
-0.72,-0.7879319020195434
2.49,2.3568576897952975
-6.3,-6.557008045537565
-5.66,-5.283520092110739
-9.51,-9.71931874721604
-4.93,-5.096138618909885
-2.5,-3.4969320560450576
-5.67,-5.557574945757468
-3.5,-3.3057532813839865
-1.12,-1.4580906626364596
-4.91,-4.882942140164162
-2.44,-2.4750496312052324
-4.77,-5.114530130272919
-2.96,-3.136435980436961
-6.0,-6.226672905885728
-1.04,-1.7193035828481849
-2.76,-2.9308432824243678
-6.74,-6.65140647292958
-5.73,-5.897960403986314
-5.22,-5.479076539858214
-1.95,-1.9424521047079142
-8.42,-8.375433600295542
-6.4,-5.518538936750801
-8.76,-8.593046487499418
-4.62,-5.079175346300688
-6.18,-6.11279561584717
-3.59,-3.64291679710834
-5.13,-5.132637256254178
-6.53,-6.628798203361669
-5.23,-5.202374411024536
-4.71,-4.907565241342113
-5.15,-5.134094356943571
0.12,-1.0240625977741025
-2.1,-2.361678219878726
-5.14,-4.876301819013266
-1.87,-2.671255862584587
-3.68,-3.6875934757387787
-3.54,-3.0681099330309163
-3.66,-3.911841274809569
-6.4,-6.5783210188566645
-2.79,-3.148677141423395
-2.86,-3.3176308095532905
-5.84,-5.849774234939803
-3.33,-3.262555093684109
-3.85,-3.5974833533906674
-0.56,-0.5874449753554926
-6.3,-6.2612320088771165
-10.57,-10.128590283030888
-8.42,-8.329718180688177
-8.49,-8.756707458347062
-8.57,-8.5673316886715
-7.22,-7.254895155791885
-10.51,-10.409493791409286
-4.09,-4.168592074624824
-0.78,-1.1886289544535817
-6.2,-7.762833621837198
-4.43,-4.097952698290527
-2.63,-3.2732140026998504
-2.76,-2.844037745582805
-6.16,-5.797770509392393
-0.9,-1.2316974951530058
-5.49,-5.551018962851485
-1.12,-1.6874993963734555
-6.25,-6.003315985607787
-18.89,-17.194162723882776
-3.63,-4.545649343583785
-7.56,-7.368332643625734
-11.55,-10.73886109304844
-2.04,-2.1963803818242074
-6.14,-6.177174118833924
2.88,2.359796798280102
-4.25,-4.4048668184715325
-17.26,-17.20357141554423
-4.02,-4.140276970133115
-5.4,-5.436761290089947
-3.77,-4.343944682460012
-3.75,-3.667061901731741
-1.9,-2.1894911705478535
-7.58,-7.381356008682071
-2.52,-3.1407279891979965
-1.67,-1.9769869763877281
-4.27,-4.795186430323821
-2.31,-2.2520551045475576
-3.61,-3.124904551866509
-5.01,-4.38341303580529
-7.51,-7.277578516711295
-2.47,-2.7311112269489795
-3.48,-3.5434972712243233
-7.11,-6.865026867565069
-5.0,-5.05299839171727
-12.7,-11.682111423503816
-2.39,-3.101321945588688
-3.69,-3.7307056912306287
-3.12,-4.022512628878591
-5.18,-5.152319013929039
-7.23,-6.588461127628198
-9.09,-8.799009754303693
-3.92,-4.188851446710689
-5.28,-5.181387352802594
-4.16,-4.615697621429097
-2.67,-2.722938693817911
-4.81,-4.363028337090115
-4.02,-4.027541530804594
-3.4,-3.3585967542933064
-2.48,-2.60035621320749
-5.04,-5.065615219312582
-4.95,-4.936961619331675
-2.74,-2.954308383204384
-4.42,-4.535707803453041
-2.72,-3.052946081782084
-6.77,-6.388750448905368
-4.04,-3.7628873986829534
-6.68,-6.651719232250665
-4.54,-4.818709021238622
-5.87,-5.64970546765073
-4.77,-5.037462804716237
-4.46,-4.799165143449347
-4.87,-5.245286812068893
-4.9,-4.922927350750235
-9.81,-9.334364495834919
-8.38,-7.887183445386723
-1.4,-1.5523223885593052
-3.78,-3.7171377746091334
-7.22,-7.731972455421267
-5.62,-4.614044387720523
-3.2,-3.47112395323017
-5.59,-5.028524414003049
-1.63,-2.090008309670382
-4.12,-4.635329353527537
-5.5,-5.617836042727908
0.07,-0.3720142618302869
-4.94,-4.917202039551645
-4.68,-4.7327646741705625
-4.25,-4.795186430323821
-3.93,-4.503349587421093
-1.05,-1.556670081290883
-4.64,-5.343636520558469
-8.2,-8.457616123334642
1.16,0.7796137500800664
-10.11,-9.936983731418504
-6.71,-7.376239667729673
-3.82,-4.121550638491973
-3.39,-3.744866146931259
-0.6,-0.758807294642935
-6.64,-6.231162461304793
-8.72,-8.137783840376887
-4.72,-4.548322225799968
-12.42,-12.27729651444421
-5.13,-5.237030103832622
-4.93,-4.825339693544452
-3.86,-4.3457205611677026
-4.32,-4.290885750788767
-4.55,-4.523849562780878
-4.5,-4.361361661304024
-6.05,-6.2194676507069175
-2.63,-2.0657034581937443
-5.78,-6.237669320800464
-0.85,-0.8940104016975208
-3.97,-4.085992898795767
-5.02,-4.851554956903326
-3.94,-4.317479519801328
-6.15,-6.326376440318952
-5.39,-5.369902372771815
-6.33,-6.017710109628251
-7.72,-7.061459067715505
-6.87,-6.8959345443360895
-6.11,-6.018916400009659
-4.03,-3.905986672624335
-3.42,-3.996825301903274
-4.33,-4.4387188628491225
-6.49,-6.080228657433688
-5.56,-5.560420007049785
-3.46,-3.2648824578212445
-9.51,-9.687781992685306
-4.87,-4.36994796239042
-4.08,-3.9612870169835435
-2.81,-3.287134994509887
-4.16,-4.205343965847614
-6.23,-6.232509167871424
-5.53,-5.614973542727908
-2.21,-2.6943135367902706
-5.81,-5.753217659683363
-6.02,-5.879028122108788
-3.54,-3.9685804065891555
-6.85,-6.192214520705782
-8.45,-8.709695394534004
-4.08,-4.407682090691999
-16.1,-15.993411583062347
-3.94,-3.7527784563802093
-4.14,-4.228448858021443
-3.51,-3.6174808155994373
-4.36,-4.937259279758445
-5.05,-4.835854807397347
-5.51,-4.8156473313299015
-5.8,-5.030686489292706
-3.0,-2.961086835549648
-4.78,-4.835101603888128
-3.97,-4.068528990636807
-6.7,-6.7003169969756735
-7.63,-7.701017292302652
-4.28,-4.426611273296864
-4.81,-4.983987751828673
-3.52,-3.6537356421896043
-5.01,-4.761659442181202
-3.76,-4.134118698923925
-0.82,-0.6946616458422784
-10.47,-10.258657517962709
-6.68,-6.1947997582669165
-4.28,-4.395259446972499
-4.49,-4.7683651895214565
-6.11,-5.952733943012445
-4.94,-5.035935578489273
-3.15,-3.6211073412327193
-4.22,-4.305377877010324
-5.78,-5.959804718548195
-1.26,-1.2472718533241172
-5.39,-4.978859273284188
-4.77,-4.7176816278383376
-7.8,-7.4590573502816575
-2.18,-2.2404787643665593
-5.38,-5.440805831474478
-0.76,-0.6473523541670813
-4.05,-4.13204690880582
-9.09,-8.807227909999073
-3.54,-3.6363271919833773
-5.14,-5.578659450657499
-2.81,-3.2960980444313748
-1.76,-1.6129546180135033
-3.13,-3.125396787618801
-3.71,-3.787730465299875
-3.59,-3.5868146662415157
-7.29,-7.179590764122388
-5.63,-4.795687146494608
-5.23,-4.9203909919983015
-5.1,-4.820191216390581
-4.81,-4.855461808568231
-6.8,-6.980025234307809
-5.9,-5.6404627843915005
-5.18,-5.179368571011166
-3.04,-3.646332188479863
-2.94,-3.474943349334295
-8.11,-8.343702196257414
-6.01,-5.983906606830756
-3.82,-3.297644577689256
-5.8,-5.992918086610619
-1.83,-1.8632454863298211
-3.74,-3.7117859256699295
-17.93,-17.434840459568814
-4.61,-4.88855781433817
-4.0,-3.623353325431176
-3.77,-3.697787867946515
-4.25,-4.2713484558212045
-4.36,-4.400205345819422
-6.85,-6.711817691349314
-7.8,-8.401560888907962
-3.3,-3.429438623991403
-7.86,-7.435290502815173
-3.42,-3.2977290524468104
-2.96,-2.7919763871489938
-4.46,-4.101187679567361
-6.66,-6.7060905013050185
-6.47,-6.293296084793877
-5.63,-5.297146697894021
-4.02,-3.4269265022869493
-10.87,-10.893797716192996
-8.58,-8.482165239727555
-9.2,-9.754665731966934
-2.9,-2.9807329705743046
-3.95,-4.095472828094531
-5.11,-5.514861882678935
-6.62,-6.805556803608159
-4.88,-4.518713234928738
-0.89,-1.6062305520597795
-2.82,-3.0940167249512864
-3.91,-4.0757460970251485
-1.81,-1.7112431994326192
-3.9,-4.251793274983425
-10.78,-10.292420077197434
-5.0,-5.462869848801242
-4.91,-4.834353090370066
-9.18,-8.783885153565127
-7.43,-7.170718560977989
-4.84,-5.007586568020802
-4.57,-4.468311839562293
-5.15,-5.4400340366026825
-5.71,-5.630733063335579
-5.27,-5.401059265772659
-7.25,-7.130691980305782
-5.3,-5.370899124940154
-4.34,-4.442691963801426
-6.31,-6.477816284962653
-4.83,-4.755083401162276
-4.93,-4.878648650759693
-6.92,-6.389523993621124
-3.01,-2.9626969299577812
-4.78,-4.912199749136733
-5.61,-5.813537806718797
-1.73,-2.0147978217437403
-7.54,-7.2883424696139105
-6.4,-6.085844921724796
-5.04,-4.63245332990608
-15.03,-14.819389275502498
-4.4,-4.81821879744954
-6.53,-6.642315136292908
-4.41,-4.211012104244199
-3.42,-2.973612742145326
-3.69,-3.7642037081897897
-1.13,-1.864049893199974
-6.0,-5.877520829504713
-4.41,-4.917854749291742
-11.69,-11.803018652955846
-2.99,-3.2994683593075673
-5.2,-5.468060401124378
-2.83,-2.524370485191788
-9.5,-9.854572990053239
-12.57,-12.70376595586585
-3.24,-3.1933188632242953
-9.4,-8.254031026957469
-6.35,-5.744566184723918
-4.72,-4.849102884437098
-6.47,-6.137435999064649
-3.29,-3.375089977037048
-10.93,-10.43058630555085
-2.61,-2.7377208956981027
-3.77,-4.228159691295494
-3.5,-3.2643136032350473
-4.7,-4.970717588704776
-4.37,-4.852687716633542
-4.54,-4.961464940196116
-0.59,-0.6551542497440146
-4.27,-4.293773836135566
-4.24,-5.243959262780066
-2.54,-2.7982431955703606
-4.82,-4.840240314697305
-4.02,-4.42264362890729
-8.06,-8.028359949678922
-5.51,-5.490802131219757
-0.72,-0.6294283341803353
-4.65,-4.47718838496519
-7.61,-7.180413971304498
-9.6,-9.620034091450862
-4.74,-4.527891425058918
-5.71,-5.6451352921236015
-5.12,-5.2437162737506915
-11.56,-11.940609294841426
-4.92,-4.768817624248079
-4.77,-4.898065597371684
-5.34,-5.369902372771815
-2.55,-2.339526711238072
-14.0,-14.687341576361378
-7.18,-7.224719424943123
-4.24,-4.2254260763827745
-6.15,-6.22155872499108
-0.93,-0.30112014605075654
-3.48,-3.8417612884284758
-5.29,-4.962296038073198
-2.63,-2.742080284033803
-2.48,-2.3082500365819216
-10.32,-10.265047243830976
2.5,1.9399787098069603
-3.67,-3.795237355309773
-4.9,-4.8256780190268875
-5.12,-5.693610115894244
-3.66,-3.859095155196184
-7.51,-7.8515029800582585
-2.67,-2.818592300771224
-4.94,-5.056175242054627
-6.01,-5.982187127678095
-2.18,-2.445957595980752
-4.61,-4.853026280405182
-4.59,-4.5799804867133975
-3.32,-3.361885010415231
-6.19,-6.193057941336402
-3.91,-4.210866125783726
-7.98,-7.749298111723722
-2.77,-2.996865437057526
-0.25,-0.6039226359788853
0.61,0.20775322918869626
-4.9,-4.856810520052825
-6.99,-6.27539276461949
-3.65,-3.7642037081897897
-1.29,-1.4760514207271513
-5.47,-5.768019797416907
-4.19,-4.667091583600442
-5.05,-4.96677905336656
-9.29,-9.837680943967893
-4.24,-4.103440144596788
-3.79,-3.5868146662415157
-6.14,-6.207798749424382
-10.9,-10.450913799405473
-2.16,-2.695316335799479
-11.69,-11.339585128764522
-2.89,-3.0842404375740875
-3.95,-4.072191490636806
-5.38,-5.531488256768829
-5.99,-5.527167290157129
-15.56,-15.769578220010146
-5.93,-5.933089209742963
-4.69,-5.013976557541336
-6.45,-5.841223965733727
0.11,-0.5210924567551978
-16.92,-16.4556187807555
0.05,0.04437722615014093
-4.35,-3.6063593759011114
-3.47,-3.6819914600047055
-4.55,-4.018014813745799
-4.15,-4.295114390557118
-4.24,-4.224593354833939
-4.45,-4.596472875434177
-4.33,-4.793867342852171
-6.27,-6.881313077450819
-6.55,-6.552790681893303
-3.55,-3.8259037600295542
-3.06,-3.216326399749959
-2.47,-2.7588973925842173
-6.22,-6.19858846531824
-6.25,-5.8642295414925405
-5.79,-5.739581081425799
-8.44,-8.257756941067806
-13.59,-13.421071404189611
-5.38,-5.091428302163494
-6.4,-6.069406337460337
-8.61,-6.495941909612998
-4.5,-4.506930368420828
-13.76,-13.245972380117765
-9.45,-9.818170893257275
-4.75,-4.178052641651938
-5.59,-5.104225416487514
-5.67,-6.131245416060182
-4.44,-4.033850555903678
-8.75,-8.411834248650033
-3.9,-3.586919697225588
-5.24,-5.4695915407748394
-2.6,-2.7377208956981027
0.06,-0.17281457953836418
2.86,2.575669881296026
-2.82,-2.902704825510473
-3.72,-3.7531610099062456
-3.77,-3.703150538577101
-4.39,-4.362263830348494
-3.78,-4.243026432583553
-7.24,-6.768294214515991
-1.89,-2.1374858135704597
-7.17,-6.897707239324476
-6.78,-7.44484847407044
-6.36,-5.985196180128086
-1.73,-2.2518810050056217
1.77,1.2970117825710625
-7.95,-8.065999021447404
-9.34,-9.069287274069197
-10.32,-10.209581131613
-4.08,-3.893822553283649
-5.88,-5.9284414594133255
-4.89,-4.923069305765255
-2.88,-3.3703039885838484
-4.69,-4.336375527479398
-4.96,-5.496374945517224
-5.35,-4.986913641164901
-4.09,-4.405100948423902
-10.32,-10.385328617345827
-5.11,-4.943976188318955
-2.84,-2.6984820055422665
-4.57,-4.649486295727119
-5.11,-4.702226610704546
-4.89,-4.818279132022106
-4.22,-4.457567926303361
-4.06,-4.275880184161904
-2.83,-3.145082242263893
-5.65,-5.717297234560332
-3.47,-3.468739332334298
-9.0,-8.230553886452768
-6.46,-6.101781542108807
-3.72,-3.904983462005936
-14.55,-13.843015130511603
-2.93,-2.34101317593693
-0.39,-0.586450962761712
-3.36,-3.4297678685952318
-4.3,-4.167937348978112
-7.35,-7.251425715554965
-6.16,-5.643790628421373
-6.12,-5.584397316705234
-9.93,-10.301460941679506
-6.58,-6.3001919775248245
-1.66,-1.5554911684289903
-5.45,-5.660609495154657
-3.78,-4.423292118070524
-6.71,-7.244743087980002
-5.47,-5.560905440245929
-5.25,-4.934864364607816
-3.81,-4.162137341806572
-2.98,-3.6498622842948394
-4.57,-4.391691064752725
-3.51,-4.563901408743121
-4.66,-4.579055023750435
-7.6,-7.4046032980472045
-5.12,-5.107362822494096
-5.35,-5.388037798498834
-1.29,-1.4547461426718813
-8.65,-9.768346178907734
-4.23,-4.3884661880704
-3.87,-3.853959647513531
-3.36,-3.0155691917497713
-9.23,-9.271558582411743
-4.79,-4.798348024646463
-5.33,-5.2793788051248285
-7.05,-6.941010296028872
-4.46,-4.688353054453124
2.89,1.0646730978779542
-7.84,-7.7437512053322
-4.88,-4.613562563440148
-5.36,-5.590412574113365
-4.23,-4.620912299952513
-2.54,-3.27500939821922
-2.44,-2.2654232778374523
-2.9,-3.2484346982248473
-6.06,-6.092528360918109
-5.78,-5.598913405228346
-7.78,-7.513108107227055
-2.86,-3.0255174967225287
0.07,-0.21716866283978026
-3.95,-4.5317962459980805
-5.43,-5.087833818667956
-5.55,-5.142768092089487
-6.52,-6.343800057640452
-4.16,-4.240817982021669
-5.42,-4.8562256772232955
-5.16,-5.1144393220046425
-5.84,-5.395191477327309
-6.02,-5.90296761268513
-3.56,-3.7018060941326567
-4.25,-4.585720752723762
-7.09,-6.824182362851794
-2.75,-2.899795709429211
-7.53,-7.0721272995432685
-3.49,-3.993427569348248
-2.96,-2.66840483416904
-5.06,-5.066985239556461
-5.51,-5.7145961437927415
-3.15,-3.92861934261281
-4.66,-4.827803602218447
-4.13,-3.8389311804803206
-5.84,-5.539997539070275
-3.71,-4.194668959454642
-4.57,-4.7901053422420805
-4.87,-4.92532154755036
-5.02,-5.015052785657492
-3.97,-3.805442435572597
-8.55,-8.505192940682754
-6.97,-7.054052177190678
-5.04,-4.708047839883229
-6.21,-5.9891534873316665
-7.34,-7.049936335196064
-6.85,-6.664128612227474
-0.81,-1.0548948329087742
-3.45,-3.5499499042863203
-10.0,-9.63307049039959
-3.61,-3.658623429391196
-6.7,-7.0339084205017155
-4.3,-4.808574197384088
-5.02,-4.989047398832319
-4.17,-4.124661844929427
-4.77,-4.080264038167248
-4.73,-4.321447034952225
-3.85,-3.957593857575312
-7.25,-7.120284037500576
-7.45,-7.135009233949003
-6.1,-6.593479209875621
-3.09,-2.829738032067749
-3.9,-3.490462862613134
-4.13,-4.355024688965019
-10.7,-10.146731420818213
-5.58,-4.714882869003564
-4.7,-4.77925095835958
-5.98,-5.9609389353823765
-0.27,-0.471323691662883
-6.36,-6.4056337037646305
-4.53,-4.458621258708798
-3.11,-3.2387627911712
-4.2,-4.192707888844746
-5.92,-5.942838050418698
-4.5,-4.200179370326228
-7.79,-7.400232596221578
-8.35,-8.269184565112976
-6.09,-6.421443447803528
-1.43,-1.7982661340273358
-2.07,-2.497481762505786
-3.08,-4.049587946390002
-4.55,-4.776764201654415
-2.25,-1.6611897110093763
-6.85,-7.103961827599406
-10.7,-9.946156652552686
-3.52,-3.6819914600047055
-5.7,-4.790819252086626
-9.0,-9.655039063323875
-5.06,-4.90749489419423
-5.68,-5.9419551901498515
-5.3,-5.804957660754217
-2.63,-2.5837060353892385
-3.13,-3.2231814268521735
-2.73,-2.481501853427454
-3.34,-4.093911739877928
-4.58,-5.018606240625558
-5.61,-5.557836103915882
-5.24,-5.6071506967375875
-4.12,-3.823869690596573
-5.11,-4.723327613175667
-5.54,-5.697762873401054
-4.22,-4.412195245247589
-4.02,-3.8872159349384745
-3.82,-3.7577611018936743
-3.94,-4.140276970133115
-5.01,-4.984128407725926
-3.19,-2.9521183793549506
-7.25,-7.112786302840224
-3.69,-3.645683047238555
-6.21,-5.721508507481397
-7.71,-7.331088819579075
-4.19,-4.359903095117581
-5.48,-5.4509889420846775
-4.45,-4.807077531008829
-9.76,-9.025376940190952
-4.99,-5.164159773888159
-3.78,-3.521178778352708
-3.45,-3.5789053260407746
-4.45,-4.346712415358281
-2.9,-3.0962097805068423
-11.96,-11.508385986609632
-5.96,-6.010762490702911
-3.5,-3.7898353218102745
-4.07,-4.428602244141216
-7.89,-7.444118823528483
-3.3,-4.630202957573333
-5.09,-5.041811974099319
1.71,1.9313770927507599
-6.93,-6.988978127392251
-5.57,-5.584318695372413
-1.98,-1.8363684104108406
-9.18,-8.164183964552068
-3.85,-4.24448921398319
-4.49,-4.318508772418216
-4.62,-4.3309776171215955
-4.09,-4.071148940198201
-5.7,-5.919059016941535
-3.95,-4.028208682820974
-6.36,-6.38537375548893
-6.11,-6.454868509067808
-2.96,-3.1460090336587747
-1.59,-1.636414852145692
-3.89,-4.213323292707418
-5.75,-6.797787952734792
-4.49,-4.72053510092913
-7.81,-7.606478483127311
-9.57,-9.106083996448092
-4.57,-4.748802849228792
-7.32,-7.102828494266072
-0.27,-0.6651636328945683
-8.4,-8.623577440161585
-5.26,-4.687447621592569
-5.51,-5.716527567152193
-3.08,-3.612294137396988
-7.12,-6.988978127392251
-6.77,-6.935867835260338
-4.88,-4.921578319599558
-6.18,-6.215795998828355
-18.72,-17.63988253796623
-6.37,-6.411774314533851
-14.31,-14.364976397422753
-5.85,-5.588077969943158
-3.81,-3.5195548123968203
3.04,2.242019641386367
-4.94,-5.191459837712921
-0.99,-0.9338687346282172
-2.22,-2.5236077434213184
-4.29,-4.260337972579743
-6.16,-6.037349544434137
-10.71,-10.014868872428288
-4.37,-4.254926632981324
-5.83,-5.079736284903531
-2.29,-2.3151544342378
-3.42,-3.0723505465741745
-8.88,-9.38058022638252
-8.17,-7.94946922014848
-2.97,-3.1913005317859633
-3.43,-3.7496888290622734
-3.35,-2.899876958148888
-0.35,-0.8078401817430609
-1.07,-1.0002672527800975
-13.12,-12.01720249033733
-5.66,-5.175812690353736
-5.23,-4.575886606142523
-4.22,-3.793704772285784
-3.71,-3.776734011583968
-5.46,-5.233248001699596
-1.78,-1.5652710835219257
-3.35,-3.886603195668355
-3.5,-3.787534029237864
-3.21,-3.3684552788377555
-5.25,-5.4949873267910725
-4.83,-4.9224814496752485
-7.63,-6.915969936552216
-3.48,-3.4532252607191314
-6.86,-6.563407475652256
-4.84,-3.9511319866366668
-6.53,-6.181523877484577
-4.25,-4.135584928215554
-5.31,-4.9369469338443155
-7.66,-7.490127320829742
-4.88,-4.9224814496752485
-3.5,-3.7307056912306287
-4.39,-4.426886164074845
-4.58,-4.684213881355743
-15.46,-14.018142754761486
-4.62,-4.3884940513678306
-6.83,-6.939898062601121
-7.25,-7.533209083832456
-3.73,-3.7912929197420056
-1.54,-1.505741293545373
-5.03,-4.873762193245275
-4.73,-4.364970447519752
-6.08,-6.2956754813286775
-8.4,-7.282425408956629
-3.97,-4.44408479185062
-4.79,-4.885786553839642
-4.2,-4.316552504708359
-9.88,-9.659926321716734
-2.04,-2.7232617922326696
-3.4,-3.430047233674597
-5.33,-5.101711876295129
-3.35,-3.750687314244938
-4.83,-4.7727214183812094
-8.75,-8.273274714685627
-5.53,-5.260889441769677
-2.93,-2.9792681366482467
-5.23,-5.640673618100734
-3.55,-3.7310262082970476
-5.13,-5.3986966328856685
-4.75,-4.222034783816591
-6.62,-6.279896359382501
-5.33,-5.759369672511133
-5.33,-5.154585792212792
-6.88,-6.687050669233374
-9.61,-9.936413532138845
-3.17,-3.257407579646376
0.82,0.7281042454312437
-3.94,-3.2657395469244594
-3.66,-3.647375528660789
-5.15,-5.205895365881307
-3.86,-4.213205912242745
-3.89,-3.981632749013681
-3.1,-3.292166091817815
-6.3,-6.065013872872855
-4.82,-4.609407775059918
-6.51,-6.45242240541188
-4.07,-3.122198487020561
-2.34,-2.938032422712575
-4.84,-4.76851845899935
-0.03,-0.4709934885961512
-2.69,-2.9155496501579874
-5.54,-5.887677781012538
-12.18,-11.858081950006703
-10.4,-10.585312516350086
-1.42,-1.4259988986053196
-4.23,-4.454607233525844
-3.97,-4.176846669767619
-4.92,-4.807613683227842
-7.35,-6.975285597248143
-2.89,-3.4948147983331097
-4.58,-4.963275928531625
1.68,1.1341052063762727
-3.47,-3.6647133405281935
-2.03,-2.197100079002029
-4.3,-4.3491188311895055
-3.37,-3.7181910451819657
-3.59,-3.860457096279927
-0.57,-0.654646017022206
-5.43,-5.145343776999062
-3.66,-3.4458297240695757
-3.65,-3.989022232803979
-4.42,-4.433241197571862
-13.69,-12.474736828853533
-2.09,-2.2173524180582835
-5.54,-5.163105814402677
-5.22,-5.440452773033089
-3.45,-4.030348294442593
-2.93,-2.8665300250307633
-3.91,-3.812346336685999
-7.47,-7.023781284967235
-10.6,-10.908130454045454
-6.13,-6.096090487406373
-8.54,-8.641369248871015
-7.26,-7.111550940985358
-7.26,-7.982170051674671
-0.5,-0.31883549951223417
-5.53,-5.214623229339194
-6.44,-7.202899140819582
-3.57,-3.769342418998967
-5.44,-5.59144501570312
-1.15,-1.162166006816892
-5.35,-5.5153320783838495
-3.61,-4.183043174317212
-13.93,-12.926870504559686
-4.81,-4.798348024646463
-7.64,-6.093270941607859
-5.89,-5.9098141118063365
-3.44,-3.595443909754594
-4.87,-4.8132109279539685
-5.13,-4.337590632732974
-6.76,-6.498887814520806
-4.47,-4.761854456466251
-12.49,-12.396572090910306
-4.28,-4.181499182246451
-4.44,-4.6539891525880615
-7.14,-7.257430422847101
-7.58,-5.490502859631777
-9.05,-9.129953400179382
-2.78,-3.0464647205962736
-8.2,-8.284690148336773
-10.62,-10.416486569187065
-5.59,-6.022867694801911
-4.97,-5.038218977910197
-4.87,-4.767601928521489
-5.22,-5.565247879395724
-11.28,-11.86418129344349
-4.42,-4.1727785539130275
-6.35,-6.150009650934486
-6.67,-6.84978196263887
-5.15,-5.0214091286288856
-8.63,-8.089158186877892
-2.63,-2.7938661600456545
-4.38,-4.764854751714543
-5.64,-5.884309894536589
-7.24,-7.130691980305782
-7.75,-7.366425560465569
-5.37,-5.4493903040868155
-4.1,-3.956654547861842
-5.06,-4.438142391215124
-3.74,-3.7761963005447026
-4.68,-4.967140823415549
-6.28,-6.061343333517
-4.42,-4.302947255273427
-4.8,-4.622694753681829
-3.93,-4.017341914452842
-3.3,-3.0572342539446655
-4.5,-4.368875078966614
-3.14,-3.408419633766698
-6.09,-5.945074530064509
-6.32,-6.040491015789566
-6.44,-6.248532636152046
-5.41,-5.074173152629168
-7.86,-7.462952260657975
-4.41,-4.832635765258165
-2.45,-2.53365813727113
-2.74,-3.0455313872629404
-8.61,-8.482165239727555
-6.2,-6.023300113265277
-4.9,-5.017078662891233
-3.77,-3.703150538577101
-5.02,-4.973636084559245
-6.33,-6.650665216213341
-3.87,-4.2423497750522365
-3.01,-2.964865578793766
-5.18,-5.13196833798413
-3.02,-3.24483595841554
-9.4,-10.196645919640556
-4.24,-4.516699264070763
-2.68,-2.963694467682655
-7.77,-8.05235405961118
-4.5,-4.322535294775888
-9.91,-9.12674574043102
-2.15,-2.4759711197921876
-4.78,-5.061707063381773
-6.96,-6.8933770349099746
-0.89,-1.0540563516939705
2.32,1.9874917007281838
-3.1,-3.477746610471403
-4.19,-4.380300905800669
-4.38,-4.598489055775044
-1.73,-2.9865778648584396
-5.89,-5.945390836255555
-4.21,-4.425799766466717
-10.0,-8.924074675500366
-2.18,-2.240996011063585
-6.13,-6.370597277363137
-5.5,-5.586743620645257
-3.78,-3.9485548166699425
-8.17,-7.81413416778373
-4.53,-4.854647856931198
-1.5,-2.055120974950678
1.23,1.595822228029868
-3.5,-3.8112562108341432
-5.39,-4.672894814078326
-6.1,-5.70309132757704
-5.18,-5.049424047980094
-0.25,-0.2790412639826726
-6.67,-7.057078439016228
-4.15,-4.324791897893425
-6.89,-6.484096374772011
-4.95,-4.704194547145145
-4.29,-3.914221927648605
-5.25,-5.160628305584123
-3.23,-2.576863739624552
-4.87,-4.48989215639955
-3.69,-3.5158596117304253
-8.04,-7.396859082185319
-1.53,-1.976878840107204
-5.52,-5.587974796335587
-6.78,-6.681082759809606
-3.63,-3.262565924470699
-2.8,-2.8946990264235115
-5.25,-5.2008835678630065
-5.4,-5.193687987243967
-5.32,-5.551018962851485
-6.58,-5.9529229311281355
-6.21,-5.716527567152193
-7.13,-8.218648845909934
-5.71,-5.923422168052029
-7.46,-7.436263803289438
-1.06,-1.2002009417464912
-3.63,-4.235604465887251
-4.56,-4.033220090687107
-5.37,-5.506909995089575
-2.41,-2.1047407068793595
-5.1,-5.198151347805681
-0.2,-0.8028803579583628
-7.51,-7.3260905000073535
-4.01,-4.318548217180967
-5.6,-5.850471716731253
-5.44,-5.542121805149369
-13.6,-12.761310451094458
-7.24,-7.732303417573867
-3.57,-3.6465182957570135
-7.48,-6.959467088845254
-7.02,-6.917116310103975
-5.98,-6.6112163955081344
-7.16,-6.880767971313627
-1.41,-1.5579796292200823
-5.3,-5.50470056631822
-5.09,-4.712673119343261
-4.29,-4.006119375950392
-4.09,-3.8697779982576948
-4.69,-4.726819961707389
-5.52,-5.311078962835642
-6.13,-5.961022639952045
-3.03,-3.390038675282392
-4.72,-4.912199749136733
-4.78,-4.811676664793856
-2.42,-2.4496172012247603
-3.06,-3.1964392425951407
-4.15,-4.175473851014467
-4.19,-4.260337972579743
1.27,0.8284000866525864
-4.38,-4.170683741291491
-5.06,-5.277201111330866
-5.69,-5.664297900765821
-2.09,-1.6858448571888414
-0.8,-1.7406083017372684
-3.93,-4.531844597122211
-18.77,-17.80252567265246
-5.08,-5.375133755086099
-8.7,-6.974481473002968
-5.28,-5.112895670897023
-6.91,-6.788892412114501
1.5,0.6085343513837957
-3.44,-3.0680505465741748
-7.29,-6.888383318559683
-0.11,-0.6243117387133146
-4.44,-4.129006562294103
-5.53,-5.640815087359697
-12.59,-12.74804864577564
-4.87,-4.722274118194865
-8.58,-8.856437812017676
-4.1,-4.257767942376337
-5.28,-5.133459478476399
-6.28,-6.210779102346532
-3.85,-3.8377624961095087
-5.21,-5.9290952170656706
-3.01,-2.9672255669330023
-2.92,-3.176400300534532
-15.13,-15.000210575794899
-11.7,-11.522315487296265
-0.48,-0.371152402191524
-5.76,-5.8247071690712
-12.07,-11.456480563469896
-3.52,-3.599278872740923
-9.63,-10.430578627582346
-6.01,-5.805325877883907
-9.11,-7.921824978126711
-4.08,-4.084856163927606
-6.04,-6.597547784821529
-5.17,-4.957663284228609
-4.31,-4.35153808238769
-2.84,-3.3090631927334826
-8.6,-8.12442851350544
-4.86,-5.019084426225207
-4.05,-3.8195257164780316
-2.1,-2.487561496211663
-8.49,-8.63653880552646
-5.7,-6.825104384736186
-5.31,-5.021301403296991
-8.7,-8.483046550301435
-6.01,-5.9463434657631264
-7.59,-7.281591111846829
-2.74,-3.0885255991476677
-4.9,-4.674101749962652
-3.94,-4.226086822745019
-6.05,-6.176640785500591
-6.15,-5.910368950591167
-4.62,-4.913773775110759
-4.83,-4.70672498158272
-6.61,-6.52714847235281
-0.59,-0.49401237111206064
-6.83,-5.279292478681286
-7.0,-7.02891945815182
-3.64,-3.5875323854759484
-4.46,-4.265498587521498
-3.48,-3.430047233674597
-5.01,-4.719135885616108
-5.83,-5.676181877474831
-5.35,-5.4278783245812665
-4.13,-3.872243197217067
-5.05,-4.985545501553359
-2.06,-2.285424249475695
-5.75,-5.701126668733065
-4.32,-4.117414979970657
-4.43,-4.087894484408574
-7.96,-6.9975192549847565
-5.3,-5.551018962851485
-6.64,-6.656025803970225
-6.3,-6.068193166551386
-8.59,-8.882692136522486
-5.1,-4.29477235462647
-5.99,-5.823398386706065
-5.27,-5.149533735928988
-4.54,-4.345724780851215
-5.53,-4.854948936955848
-5.25,-4.861050763610612
-4.99,-5.080284340220524
-6.04,-6.327015229431129
-2.55,-2.942316389853933
-0.12,-0.5505359859420551
-2.86,-3.098512830911469
-4.53,-4.795050284412083
-5.45,-5.546288331476282
-5.25,-5.371452640983234
-6.69,-6.682099419233373
-7.7,-7.996472085068897
-3.34,-3.182134060349799
-0.16,-0.09679969541326806
-5.69,-5.930361638528552
-1.73,-1.4795455068874208
-5.7,-5.9163317024275175
-4.43,-3.8896377612913566
-6.14,-5.6772475187938545
-5.06,-4.99043064815071
-3.66,-3.7018060941326567
-0.77,-0.8290482010429876
-7.8,-7.265893073452949
-11.36,-10.877510199622538
-7.75,-7.739354881941032
-5.12,-4.824051978615549
-2.38,-2.082187054253657
-3.14,-4.018732927056137
-4.34,-4.781932812160362
-7.34,-7.293483792650354
-3.26,-3.255928912979709
-3.12,-3.190057104044496
-3.55,-3.820493870706994
-4.25,-4.7592839188930345
-3.49,-3.068678324351952
-5.71,-4.980436878409537
-6.02,-5.9706855890432315
-7.23,-7.1956350571647985
-6.19,-5.9080707997344675
-4.61,-4.825706590248524
-5.71,-5.674495867293744
-4.63,-4.5316096425387205
-5.58,-5.529702148102027
-5.78,-5.544142418925805
-6.32,-6.687670771490614
-3.93,-4.338613742180146
-4.22,-4.345365245786854
-4.63,-4.982880318212731
-2.21,-2.2864693920029477
-5.98,-6.05543531317999
-4.53,-4.965324233888989
-2.73,-2.789705803181786
-3.91,-4.368343543395818
-6.37,-6.190405135882756
-6.63,-6.861317027243837
-7.18,-7.030266368499073
-0.87,-0.9156237983430184
-5.32,-5.867646614780905
-6.88,-6.994759546465327
-6.88,-6.628094847507591
-7.19,-8.036787061034675
-4.19,-3.925940824428731
-3.8,-3.897590145245637
-7.56,-7.251425715554965
-8.81,-8.693046288315507
-2.73,-2.9004181630970356
-8.58,-7.712295311745487
-4.16,-4.396571646910244
-6.27,-6.453187550966157
-4.72,-4.885786553839642
-7.59,-7.51534478421511
-2.92,-3.097139056198097
-5.51,-5.527078478040311
-4.65,-5.060883326417155
-5.49,-5.401059265772659
-4.49,-3.91923232113292
-1.46,-1.4629108638210877
-6.47,-6.199425497175283
-2.88,-3.1574439005798114
-3.82,-3.796529108415295
-10.9,-10.473640339637736
-5.68,-6.295583729943496
-5.24,-5.260600605807099
-7.26,-7.04589207213397
-5.03,-4.8454466535277145
-5.71,-5.923245780165812
-12.51,-12.036497939130808
-8.59,-9.29994274329515
-8.85,-8.218558931970012
-3.2,-2.8853031584151045
-2.91,-3.112873736338915
-3.67,-3.421094126340986
-4.12,-4.505819522608017
-3.9,-4.325002124487169
-10.0,-8.364023559833468
-20.3,-16.878601331152506
1.83,1.5676781248949383
-3.45,-3.8051978369695174
-5.64,-5.638923420693031
-4.74,-4.7173411646425105
-2.73,-3.0646969736618117
-4.92,-5.056175242054627
-3.93,-4.229723199645317
-3.82,-3.850883306101247
-4.7,-5.029207309833873
0.31,-0.5800425812624892
-2.86,-4.23435871597782
-2.26,-2.2547816797350038
-8.82,-8.223556010439673
-8.78,-8.599193136354415
-2.58,-2.8610533893457935
-5.31,-5.4024017810338165
-5.38,-4.612444387720523
-2.45,-2.847617808414907
-2.69,-2.9429677056756125
-14.28,-14.159209949856555
-8.27,-8.049702418643786
-4.73,-4.415439425136384
-15.04,-13.974837519602655
-4.57,-4.632633527480434
-5.51,-5.680560223325239
2.33,2.2876765755789132
-3.51,-3.6858990312943343
-6.76,-6.936648054641571
0.07,-0.39363622304223644
-6.23,-6.329297606919378
-4.81,-4.5995498251606595
-5.68,-5.932307725130942
-4.72,-4.448399171407213
-6.47,-6.011296001664349
-4.45,-4.904368982404505
-6.5,-6.351769079827326
-6.14,-6.560908159049896
-3.8,-4.075309750136453
-5.65,-6.059826323399558
-6.54,-6.132559236793163
-4.0,-4.022654864137928
-4.7,-4.4528804448007415
-15.5,-15.14442319126533
-4.88,-4.63105332990608
-8.84,-8.430582620437667
-17.12,-15.871295921317728
-5.42,-5.489285580461691
-10.59,-10.416454511584366
-10.3,-10.138499465727351
-4.17,-4.350901040237784
-12.73,-13.191523411993268
-3.39,-3.4785026312491736
-3.44,-3.844208500672626
-7.15,-6.879192950609337
-5.47,-5.338116699661322
-6.14,-5.750668652557385
-4.06,-4.083460308743085
-4.3,-3.2587594159508986
-4.68,-5.113398073054109
-4.61,-4.420164867755354
-0.86,-0.7537817383225895
-3.41,-3.1301850259125015
-5.33,-5.611339985325381
-5.01,-4.8586827059380715
-4.36,-4.492527918849509
-2.48,-2.60702745051026
-5.02,-5.149814445029414
-4.98,-4.942426848171294
-0.22,-1.4655800821472862
-5.54,-5.486714722043793
-11.2,-11.317374946264556
-4.05,-4.371994131398921
-5.34,-5.254609997360341
-2.38,-1.7423023064263654
-5.44,-5.61328981134609
-9.12,-8.901742764029203
-5.67,-6.109898214329099
-7.61,-7.2382832713407375
-13.56,-13.365256385061414
-2.37,-2.1665456041091415
-3.32,-2.8263160529936373
-14.83,-13.813997500415207
-5.75,-5.850926218895755
-3.52,-3.2675600710518395
-3.97,-4.2852322075525615
-6.46,-6.651719267844991
-11.61,-11.962742056115099
-5.55,-5.125329169254629
-5.14,-5.041500337045329
-1.71,-1.7561912147901202
-2.36,-2.9394835357172857
-4.09,-5.6826268819494565
-7.55,-6.467141651766536
-2.84,-3.064450631645267
-1.95,-1.5853953147217799
-5.25,-4.858608567401425
-4.56,-4.7263877978432385
-9.11,-9.711919799306461
-6.08,-5.9989952887037425
-6.7,-6.465865927664085
-1.29,-1.4634683648941036
-8.56,-8.561345545358378
-1.87,-2.27047322561059
-5.48,-5.165757737647957
-16.2,-14.539456314352561
-3.94,-4.023204602466986
-4.62,-4.614778982614733
-5.0,-4.974285355717928
-3.12,-3.5316164019196554
-7.81,-7.777435789135213
-6.92,-6.812368327824683
-11.35,-11.18341847129066
-4.31,-4.361361661304024
-4.07,-3.875166690587693
-8.7,-8.692679621648843
-5.39,-5.546288331476282
-5.36,-5.436862930295038
-2.39,-2.4522958460932602
-8.3,-7.90714551713201
-4.7,-4.742454468815602
-5.76,-5.532561839872672
-5.28,-5.439441169645077
-4.84,-4.802548924628648
-3.43,-4.288406321358103
-6.47,-6.371093560740086
-8.76,-8.530274406177337
-3.92,-4.170683741291491
-4.43,-4.41633105265532
-4.68,-4.822490609469533
-4.82,-4.796674071713896
-5.36,-5.436761290089947
-3.32,-3.4122232046733862
-3.53,-3.5151803182351617
-5.39,-5.401059265772659
-7.1,-6.731771332363312
-10.49,-10.419788343893561
-1.25,-1.2776144992905123
-2.06,-3.7724762628671837
-7.4,-6.550821288141339
-5.77,-5.6603776418863285
-5.97,-5.753580442095329
-4.72,-4.429459993068054
-5.22,-5.436862930295038
-4.2,-4.338389329864061
-6.1,-5.668962481619367
-4.01,-4.065193406208056
-1.74,-2.03301314972657
-6.21,-5.608704832371842
-2.45,-3.060661590703046
-4.04,-3.720526806138708
-4.27,-4.310089718957045
-5.83,-5.827265399040864
-2.37,-2.714190766887379
-4.8,-4.7176816278383376
-2.37,-2.300164854974755
-5.18,-5.424214027793889
-5.58,-5.611812084900894
-9.25,-9.015760061648267
-6.71,-6.448897613381321
-1.29,-1.470484215525577
-2.67,-3.1630547559949505
-2.86,-2.680948383975764
-5.29,-5.021527471582872
-3.65,-3.81932468248601
-5.68,-5.745542398671917
-7.5,-7.069742253176995
-9.1,-8.795650707334238
-5.56,-5.9701804684252195
-5.35,-6.101936491891374
-5.35,-5.091428302163494
-4.77,-4.807613683227842
-4.17,-4.168592074624824
-5.18,-5.623972008215409
-4.86,-5.061313952863804
-1.24,-1.1585638978971837
-3.92,-4.199768944376947
-2.78,-3.172545737524717
-5.3,-5.609179168959809
-2.64,-2.850917029141142
-2.57,-2.437484595675605
-4.09,-4.246535780897122
-9.01,-8.7830603556225
-9.21,-9.014182687910894
-6.2,-6.377609992113798
-5.14,-5.014142006553421
-2.79,-2.5543973259520683
-4.26,-4.084972847652213
-4.59,-4.898972844699987
-3.3,-3.59338692499078
-4.58,-4.735951546964795
-3.12,-3.241823826050135
-4.77,-4.581273278191999
-5.89,-5.982598996364963
-4.99,-5.305319947166263
-4.13,-3.9940063508094594
-6.09,-6.0842389460178445
-5.83,-5.786396121876281
-7.94,-7.517616024773577
-4.38,-4.8170074283869795
-0.56,-0.5574994167380098
